Specialty,Doctor Name,Specialty Info,Address
urologist,Urologie Heidelberg | Urologische Praxisgemeinschaft,Urologist,Poststr. 6-8 · 69115 Heidelberg
urologist,Dr. med. Ulrike Hohenfellner,Urologist,Friedrich-Ebert Anlage 1 · 69117 Heidelberg
urologist,Dr. Martin Löhr,Urologist,Bergheimer Str. 56a · 69115 Heidelberg
urologist,Dr. med. Udo Heemann,Urologist,Franz-Knauff Str. 2 · 69115 Heidelberg
urologist,Dr. Alexander Kosowski,Urologist,Heinrich-Fuchs-Str. 9 · 69126 Heidelberg
urologist,Prof. Dr. Markus Hohenfellner,Urologist,Im Neuenheimer Feld 110 · 69120 Heidelberg
urologist,Dr. med. Fritz Pfisterer,Urologist,Kußmaulstr. 5 · 69120 Heidelberg
urologist,Praxis Dr. Fleischmann & Dr. Otto,Urologist,Berliner Str 105 · 69121 Heidelberg
urologist,Urologische Privatpraxis Dr. med. univ. Tosev,Urologist,Poststr. 42 · 69115 Heidelberg
urologist,Urologie Heidelberg-Bergstraße,Urologist,Bahnhofstr. 26 · 69221 Dossenheim
urologist,Urogynäkologie,Urologist,Schwetzinger Str. 51 Heidelberg
urologist,SeegartenKlinik,Adenauerplatz 2 · 69115 Heidelberg,Adenauerplatz 2 · 69115 Heidelberg
urologist,European Foundation For Urology,Pediatric orthopedic surgery,Im Neuenheimer Feld 420 · 69120 Heidelberg
urologist,Frank Sippel,Urologist,Wiesenbacher Str. 33 · 69151 Neckargemünd
urologist,Urologische Gemeinschaftspraxis Dr. Pfisterer Dr. Wipfler Heidelberg,Urologist,Kußmaulstr 5 · 69120 Heidelberg
cardiologist,Kardiologische Privatpraxis Heidelberg,Cardiologist,Eppelheimer Str. 8 · 69115 Heidelberg
cardiologist,Dr. med. Tobias Steffek Kardiologische Praxis,Cardiologist,Berliner Str. 47 · 69120 Heidelberg
cardiologist,Kardiologie,Cardiologist,Im Neuenheimer Feld 410 · 69120 Heidelberg
cardiologist,Kardiologische Schwerpunktpraxis Mustafa Durak,Cardiologist,Bergheimerstr. 56A · 69115 Heidelberg
cardiologist,Dr. med. Hans-Michael Lutz,Cardiologist,Brückenkopfstr. 1/2 · 69120 Heidelberg
cardiologist,Dr. med. Abdullah-Amin Behroz,Cardiologist,Adlerstr. 1 · 69123 Heidelberg
cardiologist,Dr. Med. Andreas Suska,Cardiologist,"Franz-Knauff-Str. 2-4 · 69115 Heidelberg, Neckar"
cardiologist,Kardiologie Heidelberg | PD Dr. Markus Heckmann,Cardiologist,Bismarckstr. 9-15 · 69115 Heidelberg
cardiologist,Kuhn Bernhard Dr. med. Dr. rer. nat. u. Bär Harald Prof. Dr. med.,Cardiologist,Burgstr. 61 · 69121 Heidelberg
cardiologist,"Innere Medizin-Abt. f. Gastroenterologie, EndokrinologieDiabetologie J.Teichmann Doz.Dr.",Medical center,Landhausstr. 25 · 69115 Heidelberg
cardiologist,Dr. med. Sabine Born und Dr. med. Julia Winter,Cardiologist,Kurfürsten Anlage 36 · 69115 Heidelberg
cardiologist,Klinik für Medizinische Onkologie,Cardiologist,Im Neuenheimer Feld 460 · 69120 Heidelberg
cardiologist,Herr Dr. med. Rüdiger Bischoff,Cardiologist,"Landhausstr. 25 · 69115 Heidelberg, Neckar"
cardiologist,"Andreas Dienerowitz, Klaus Remde",Cardiologist,Lindenweg 6 · 69126 Heidelberg
cardiologist,Gefäßzentrum Brado Erbel,Cardiologist,Weberstr. 9 · 69120 Heidelberg
cardiologist,B. SC. med. chir. A. Mohy,Cardiologist,"Schneidmühlstr. 21 · 69115 Heidelberg, Neckar"
cardiologist,Dr. med. Hans-Joachim Bröker,Cardiologist,Werderstr. 46 · 69120 Heidelberg
cardiologist,Priv.-Doz. Dr. med. Alexander Rickert,Cardiologist,Landhausstr. 25 · 69115 Heidelberg
dermatologist,Dr. med. Martin Jansen,Dermatologist,Bismarckstr. 5 · 69115 Heidelberg
dermatologist,ATOS DERMATOLOGIE,Dermatologist,Bismarckstr. 9 · 69115 Heidelberg
dermatologist,Benjamin Khan Durani Facharzt Für Dermatologie,Dermatologist,"Grüne Meile 56 · 69115 Heidelberg, Neckar · 69115 Heidelberg, Neckar"
dermatologist,Dr. med. Thomas H. Wetzel,Dermatologist,Bergheimer Str 66 · 69115 Heidelberg
dermatologist,Ihre Martina Kulozik,Dermatologist,Mönchhofstr. 3 · 69120 Heidelberg
dermatologist,Prof. Dr. med. Peter Helmbold,Dermatologist,Kurfürsten Anlage 1 · 69115 Heidelberg
dermatologist,Dr. med. Sandrine Choudhry,Dermatologist,Uferstr. 8 · 69120 Heidelberg
dermatologist,Dr. med. Astrid Schulze-Dirks,Dermatologist,Burgstr. 61 · 69121 Heidelberg
dermatologist,Dr. med. Jörg Wacker,Dermatologist,Kurfürsten Anlage 34 · 69115 Heidelberg
dermatologist,Dr. med. Michael Bock,Dermatologist,Römerstr. 1 · 69115 Heidelberg
dermatologist,ETHIANUM Heidelberg,Dermatologist,Voss Street 6 · 69115 Heidelberg
dermatologist,Dr. med. Marc Pleimes,Dermatologist,"Poststr. 4 · 69115 Heidelberg, Neckar"
dermatologist,Dr. med. Klio Mössler Privatpraxis für Dermatologie,Dermatologist,Rohrbacher Str. 57 · 69115 Heidelberg
dermatologist,Dr. med. Dirk Siebold,Dermatologist,Landfriedstr. 10 · 69117 Heidelberg
dermatologist,Durani Heidelberg,Dermatologist,Grüne Meile 56 · 69115 Heidelberg
dermatologist,Hautarzt Notdienst und Dermatologie Notfall Ambulanz,Dermatologist,Im Neuenheimer Feld 440 Heidelberg
dermatologist,"Skindoc24 UG, der Online Hautarzt",Dermatologist,"Handschuhsheimer Landstr. 31 · 69121 Heidelberg, Neckar"
dermatologist,Plewig B. Hautarztpraxis,Dermatologist,Turmgasse 18 · 69181 Leimen
orthopedist,Praxis Dr. med. Erhan Basad,Orthopedist,Bismarckstr. 9-15 · 69115 Heidelberg
orthopedist,"Sportopaedie - Praxis für Orthopädie, Sporttraumatologie und Endoprothetik",4.5/5 (16) · Orthopedist,Max-Reger Str. 5 · 69121 Heidelberg
orthopedist,Dr. med. Robert Bast,Orthopedist,Mönchhofstr. 4 · 69120 Heidelberg
orthopedist,Dr. med. Hartmut Weis,Orthopedist,Handschuhsheimer Landstr. 27 · 69120 Heidelberg
orthopedist,Dr.med. Martin Hohmann,Orthopedist,Rohrbacher Str. 60 · 69115 Heidelberg
orthopedist,Praxis für Ganzheitliche Orthopädie Dr. Huppertz & Kollegen,Orthopedist,Adenauerplatz 4/1 · 69115 Heidelberg
orthopedist,Prof. Dr. med. Rudi Georg Bitsch,Orthopedist,Bismarckstr. 9-15 · 69115 Heidelberg
orthopedist,Prof.Dr.med. Rainer Siebold Facharzt für Orthopädie und Unfallchirurgie Facharzt für Orthopädie und,Orthopedist,"Bismarckstr. 15 · 69115 Heidelberg, Neckar"
orthopedist,Prof. Dr. med. Felix Zeifang,Orthopedist,Voßstr. 6 · 69115 Heidelberg
orthopedist,Dr. med. Petra Magosch Fachärztin für Orthopädie,Orthopedist,"Bismarckstr. 9-15 · 69115 Heidelberg, Neckar"
orthopedist,OPZ RHEIN NECKAR | Eppelheim,Orthopedist,Hebelstr. 7 · 69214 Eppelheim
orthopedist,Dr.med. Thomas Geyer Facharzt für Orthopädie und Unfallchirurgie,Orthopedist,"Bismarckstr. 9-15 · 69115 Heidelberg, Neckar"
orthopedist,PROF. DR. MED. MICHAEL AKBAR,Orthopedist,Rudolf-Diesel Str. 11 · 69115 Heidelberg
orthopedist,Dr. Ulrich Radecker,Orthopedist,Hans-Thoma-Platz 40 · 69121 Heidelberg
orthopedist,Orthopaedic University Hospital Heidelberg,Orthotics,Schlierbacher Land Street 200a · 69118 Heidelberg
orthopedist,Dr. med. Peter Korth,Orthopedist,Karlsruher Str. 23 · 69126 Heidelberg
orthopedist,Dr. med. Benjamin Weinkauf,Orthopedist,Bismarckstr. 9-15 · 69115 Heidelberg
orthopedist,Wirbelsäulenzentrum Heidelberg,Surgeon,Bismarckstr. 9-15 · 69115 Heidelberg
neurologist,Praxis für Neurologie und Psychiatrie Elke Hartmann,Psychiatrist,Adenauerplatz 2 · 69115 Heidelberg
neurologist,"Prof. Dr. Med. Ernst-fritz Hund, Neurologe",Neurologist,"Sofienstr. 17 · 69115 Heidelberg, Neckar"
neurologist,Dr. med. Jürgen Prestel,Neurologist,Hebelstr. 7 · 69214 Eppelheim
neurologist,neuro-heidelberg,Neurologist,56A Bergheimer Str. · 69115 Heidelberg
neurologist,Herr Prof. Dr. Med. Wolfgang Wick,Neurologist,Im Neuenheimer Feld 400 · 69120 Heidelberg
neurologist,Dr. med. Achim Wolfram,Neurologist,Handschuhsheimer Landstr 42 · 69121 Heidelberg
neurologist,Dr. med. Silke Eden Fachärztin für Neurologie & Psychiatrie,Neurologist,Alte Eppelheimer Str. 44 · 69115 Heidelberg
neurologist,Dr. med Josef Schill,Neurologist,Im Neuenheimer Feld 410 · 69120 Heidelberg
neurologist,Dr. med. Stella Covtun,Neurologist,Brückenkopfstr. 1 / 2 · 69120 Heidelberg
neurologist,Herr Dr. med. Henning Schauenburg,Neurologist,"Thibautstr. 2 · 69115 Heidelberg, Neckar"
neurologist,Dr. med. Ulrike E. Eckert,Neurologist,Eppelheimerstr 8 · 69115 Heidelberg
neurologist,Von Prittwitz und Gaffron S. Neurologin,Neurologist,Brückenstr. 47 · 69120 Heidelberg
neurologist,Herr Priv. Doz. Dr. Med. Frank Winkler,Neurologist,Im Neuenheimer Feld 400 · 69120 Heidelberg
neurologist,Prof. Dr. med. Frank Guido Brecht,Neurologist,Bienenstraße 8 · 69117 Heidelberg
neurologist,Neuropraxis Dr. med. Winter,Neurologist,"Lindenweg 6 · 69126 Heidelberg, Neckar"
neurologist,Herr Priv. Doz. Dr. Phil. Andre Rupp,Neurologist,Im Neuenheimer Feld 400 · 69120 Heidelberg
neurologist,Johannes Seibert,Neurologist,Bergheimer Str. 33 · 69115 Heidelberg
neurologist,Dr. med. Cosima Förster,Neurologist,Herrenwiesenstr. 2/1 · 69126 Heidelberg
